{"cameraMode":{"drawMode":0,"name":"Shaded","section":"Shading Mode"},"sceneLighting":true,"audioPlay":false,"sceneViewState":{"showFog":true,"showMaterialUpdate":true,"showSkybox":true,"showFlares":true,"showImageEffects":true,"showParticleSystems":true},"in2DMode":false,"pivot":{"x":-0.0013153553009033204,"y":3.0389864444732668,"z":-0.43035316467285159},"rotation":{"x":-0.08418144285678864,"y":0.02600136399269104,"z":-0.0021981862373650076,"w":-0.9961123466491699},"size":22.0,"orthographic":false}